순번,분류,이름,런치,디너,예약,소재지,Latitude,Longitude,링크
1,엔트리급,와사이진, X ," 77,000 ",네이버예약,서울 강남구 언주로 615 1층 상가 103호,37.51047,127.0357802,"https://map.naver.com/v5/entry/place/1365918313?c=14141519.0567551,4510445.1325229,16,0,0,0,dh"
2,엔트리급,스시츠루," 35,000 "," 75,000 ",확인필요,서울 강남구 테헤란로14길 8 강남역두산위브센티움 지하1층,37.4987663,127.0329383,"https://map.naver.com/v5/search/%EC%8A%A4%EC%8B%9C%EC%B8%A0%EB%A3%A8/place/64801706?c=14140776.1843864,4508843.5379146,15,0,0,0,dh"
3,엔트리급,닌스시," 45,000 "," 90,000 ",전화,서울 강남구 역삼로7길 17,37.4951105,127.0325557,"https://map.naver.com/v5/search/%EB%8B%8C%EC%8A%A4%EC%8B%9C/place/34753394?c=14140792.9049864,4508862.6471717,14,0,0,0,dh"
4,엔트리급,스시카이," 40,000 "," 100,000 ",캐치테이블,서울 서초구 반포대로26길 29,37.4906498,127.010731,"https://map.naver.com/v5/search/%EC%8A%A4%EC%8B%9C%EC%B9%B4%EC%9D%B4/place/1027276564?c=14138306.5610891,4507725.2948092,15,0,0,0,dh"
5,엔트리급,스시사랑," 50,000 "," 100,000 ",전화,서울 서초구 반포대로26길 10 진흥펠리체 1층,37.4899927,127.0099469,"https://map.naver.com/v5/search/%EC%8A%A4%EC%8B%9C%EC%82%AC%EB%9E%91/place/834643628?c=14138212.8857376,4507638.0019697,15,0,0,0,dh"
6,엔트리급,스시마카세(역삼)," 50,000 "," 100,000 ",네이버예약,서울 강남구 논현로94길 7,37.5024366,127.0369184,"https://map.naver.com/v5/search/%EC%8A%A4%EC%8B%9C%EB%A7%88%EC%B9%B4%EC%84%B8/place/1491984679?c=14140310.3962453,4508843.5379146,14,0,0,0,dh"
7,엔트리급,스시마카세(남부)," 50,000 "," 100,000 ",네이버예약,서울 서초구 서초중앙로 42,37.4857289,127.0160956,"https://map.naver.com/v5/search/%EC%8A%A4%EC%8B%9C%EB%A7%88%EC%B9%B4%EC%84%B8/place/36166214?c=14138917.3488712,4507047.3142759,15,0,0,0,dh"
8,미들급,스시츠바사," 55,000 "," 105,000 ","캐치테이블, 문자",서울 강남구 강남대로156길 31-4 1층,37.5189822,127.0217486,"https://map.naver.com/v5/entry/place/1292591534?c=14139988.8232787,4511699.6000947,18,0,0,0,dh"
9,미들급,카메스시," 50,000 "," 120,000 ",네이버예약 / 캐치테이블,서울 강남구 선릉로121길 7,37.5138254,127.0417458,"https://map.naver.com/v5/search/%EC%B9%B4%EB%A9%94%EC%8A%A4%EC%8B%9C/place/1271618346?c=14141294.5229845,4510983.7747066,14,0,0,0,dh"
10,미들급,와려," 60,000 "," 120,000 ",전화,서울 강남구 테헤란로98길 28 2층 2호,37.5065021,127.0627944,"https://map.naver.com/v5/search/%EC%99%80%EB%A0%A4/place/1249521238?c=14144103.5837740,4509949.4861676,15,0,0,0,dh"
11,엔트리급,스시진수," 55,000 "," 85,000 ",캐치테이블,서울 서초구 서초중앙로24길 27 센트럴프라자,37.4954141,127.0164028,"https://map.naver.com/v5/search/%EC%8A%A4%EC%8B%9C%EC%A7%84%EC%88%98/place/696659020?c=14138518.9033949,4508370.5838021,14,0,0,0,dh"
12,미들급,스시키," 55,000 "," 110,000 ",캐치테이블,서울 강남구 선릉로107길 3-4 운경빌딩,37.5088515,127.0438408,"https://map.naver.com/v5/search/%EC%8A%A4%EC%8B%9C%ED%82%A4/place/38576093?c=14141994.4756314,4510279.0374017,15,0,0,0,dh"
13,엔트리급,스시소라 서초," 55,000 "," 100,000 ",캐치테이블,서울 서초구 서초대로 254 오퓨런스빌딩 104호,37.4919821,127.0096086,"https://map.naver.com/v5/search/%EC%8A%A4%EC%8B%9C%EC%86%8C%EB%9D%BC/place/1350801663?c=14138184.4913961,4507915.5446181,15,0,0,0,dh&placePath=%3F%2526"
14,엔트리급,스시카네," 66,000 "," 100,000 ",전화,서울 서초구 서초중앙로26길 6 린빌딩,37.4953178,127.0139207,"https://map.naver.com/v5/search/%EC%8A%A4%EC%8B%9C%EC%B9%B4%EB%84%A4/place/1290723836?c=14138189.2687104,4508370.5838021,14,0,0,0,dh"
15,엔트리급,스시소라 대치," 55,000 "," 100,000 ","포잉(일부좌석), 전화",서울 강남구 대치동 894,37.5043669,127.0546834,"https://map.naver.com/v5/search/%EC%8A%A4%EC%8B%9C%EC%86%8C%EB%9D%BC/place/832737607?c=14143203.0600345,4509646.1267116,15,0,0,0,dh"
16,엔트리급,스시카와," 55,000 "," 80,000 ",확인필요,서울 강남구 논현로26길 29,37.4831159,127.0446438,"https://map.naver.com/v5/search/%EC%8A%A4%EC%8B%9C%EC%98%A4%EB%A7%88%EC%B9%B4%EC%84%B8/place/37883085?c=14138814.4743231,4506667.7984451,13,0,0,0,dh"
17,엔트리급,스시산원 청," 60,000 "," 90,000 ",전화,서울 강남구 논현로85길 52 역삼푸르지오시티 2층 205-1호,37.4980124,127.0338301,"https://map.naver.com/v5/search/%EC%8A%A4%EC%8B%9C%EC%82%B0%EC%9B%90%20%EC%B2%AD/place/38491257?c=14140649.5855583,4508666.7772867,14,0,0,0,dh&isCorrectAnswer=true"
18,엔트리급,스시쇼우키," 50,000 "," 100,000 ",전화,서울 강남구 언주로93길 22-5 도영빌딩 1층,37.5037639,127.0398081,"https://map.naver.com/v5/search/%EC%87%BC%EC%9A%B0%ED%82%A4/place/36605038?c=14141080.1589981,4509563.8324321,14,0,0,0,dh"
19,미들급,스시윤슬," 80,000 "," 160,000 ",전화 / 문자,서울 서초구 서초대로 266 B101호,37.4925,127.0109881,"https://map.naver.com/v5/search/%EC%8A%A4%EC%8B%9C%EC%9C%A4%EC%8A%AC/place/1892304255?c=14138669.3887943,4507944.2085037,16,0,0,0,dh"
20,미들급,스시욘즈," 65,000 "," 130,000 ",전화,서울 강남구 삼성로96길 11 1층,37.5089169,127.0567955,"https://map.naver.com/v5/search/%EC%8A%A4%EC%8B%9C%EC%9A%98%EC%A6%88/place/1757890886?c=14143735.7305753,4510239.7080094,16,0,0,0,dh"
21,미들급,스시쇼우," 70,000 "," 140,000 ",전화,서울 서초구 사평대로22길 17 2층,37.4987408,126.9978583,"https://map.naver.com/v5/search/%EC%8A%A4%EC%8B%9C%EC%87%BC%EC%9A%B0/place/1388115676?c=14136407.3304885,4508862.6471717,14,0,0,0,dh"
22,미들급,스시아오미츠," 60,000 "," 120,000 ",캐치테이블,서울 강남구 테헤란로78길 16 지하1층 12호,37.5050235,127.0553255,"https://map.naver.com/v5/search/%EC%8A%A4%EC%8B%9C%EC%95%84%EC%98%A4%EB%A7%88%EC%B8%A0/place/1051920261?c=14142805.4743119,4509742.0853390,15,0,0,0,dh&entry=plt&isCorrectAnswer=true"
23,미들급,스시고," 65,000 "," 140,000 ",캐치테이블,서울 서초구 사평대로22길 15,37.4988905,126.9978699,"https://map.naver.com/v5/search/%EC%8A%A4%EC%8B%9C%EA%B3%A0/place/18289522?c=14136412.1078028,4508881.7564288,14,0,0,0,dh"
24,엔트리급,김수사," 50,000 "," 80,000 ",전화예약,서울 강남구 도산대로 132 해정빌딩,37.5215969,127.0357429,"https://map.naver.com/v5/search/%EA%B9%80%EC%88%98%EC%82%AC/place/11673211?c=14139225.9459065,4511442.3968763,14,0,0,0,dh"
25,미들급,스시오마주," 65,000 "," 120,000 ",캐치테이블,서울 강남구 강남대로152길 67 지하1층 102호,37.5189645,127.0245102,"https://map.naver.com/v5/search/%EC%8A%A4%EC%8B%9C%EC%98%A4%EB%A7%88%EC%A3%BC/place/1730079135?c=14140199.3236886,4511591.6879472,16,0,0,0,dh"
26,미들급,스시한," 60,000 "," 120,000 ",확인필요,서울 서초구 서초대로51길 11 2층,37.4949682,127.0140282,"https://map.naver.com/v5/search/%EC%8A%A4%EC%8B%9C%ED%95%9C/place/1496024487?c=14138671.9056537,4508332.0997506,15,0,0,3,dh&placePath=%3Fentry%253Dbmp"
27,미들급,스시사키," 60,000 "," 120,000 ",캐치테이블,서울 강남구 강남대로154길 21,37.5179761,127.020816,"https://map.naver.com/v5/search/%EC%8A%A4%EC%8B%9C%EC%82%AC%ED%82%A4/place/1751287981?c=14139437.4831877,4511567.6999318,15,0,0,0,dh"
28,미들급,스시하쿠샤," 60,000 "," 120,000 ",네이버예약,서울 강남구 테헤란로81길 58-4 지상 2층,37.5103203,127.0560607,"https://map.naver.com/v5/search/%EC%8A%A4%EC%8B%9C%ED%95%98%EC%BF%A0%EC%83%A4/place/1078328581?c=14140093.2774399,4510483.5169493,12,0,0,0,dh"
29,미들급,구루메스시," 60,000 "," 120,000 ",캐치테이블,서울 강남구 학동로4길 15 116호,37.5092726,127.0239086,"https://map.naver.com/v5/search/%EA%B5%AC%EB%A3%A8%EB%A9%94%EC%8A%A4%EC%8B%9C/place/20798498?c=14139264.1644207,4510506.0432798,14,0,0,0,dh"
30,미들급,스시려 프리미엄," 70,000 "," 140,000 ",전화,서울 서초구 효령로77길 34 아크로텔 2층 206호,37.4920099,127.0288299,"https://map.naver.com/v5/search/%EC%8A%A4%EC%8B%9C%EC%98%A4%EB%A7%88%EC%B9%B4%EC%84%B8/place/632756723?c=14140315.1735596,4507878.5204325,15,0,0,0,dh"
31,미들급,스시나미키," 80,000 "," 160,000 ",확인필요,서울 강남구 학동로 338 강남파라곤 S동 103호 1F,37.5164665,127.0404191,"https://map.naver.com/v5/search/%EC%8A%A4%EC%8B%9C%EB%82%98%EB%AF%B8%ED%82%A4/place/741700898?c=14141117.7623566,4511356.4052195,14,0,0,0,dh"
32,미들급,스시타노," 70,000 "," 140,000 ",캐치테이블,서울 서초구 서래로5길 30 2층,37.4979452,126.9964813,"https://map.naver.com/v5/search/%EC%8A%A4%EC%8B%9C%ED%83%80%EB%85%B8/place/35906570?c=14136254.4564319,4508752.7689435,14,0,0,0,dh"
33,미들급,스시토보시," 85,000 "," 180,000 ",확인필요,서울 강남구 도산대로27길 16 효정빌딩,37.520808,127.0275666,"https://map.naver.com/v5/search/%EC%8A%A4%EC%8B%9C%ED%98%B8%EC%9A%B0%EC%8B%9C%EC%A0%88/place/36643385?c=14139713.2319618,4511958.3468172,14,0,0,0,dh"
34,미들급,스시유," 90,000 "," 150,000 ",캐치테이블,서울 강남구 영동대로 407 코니빌딩,37.5055716,127.0643795,"https://map.naver.com/v5/search/%EC%8A%A4%EC%8B%9C%EC%9C%A0/place/11486499?c=14144280.3444019,4509827.6646538,15,0,0,0,dh"
35,미들급,스시산원," 80,000 "," 180,000 ",캐치테이블,서울 강남구 선릉로100길 42 LG선릉에클라트 A동 1층 1호,37.5064601,127.051103,"https://map.naver.com/v5/entry/place/34006938?c=14142357.4754091,4510393.7763945,16,0,0,0,dh"
36,미들급,스시카루," 70,000 "," 110,000 ",캐치테이블,서울 서초구 서초대로 275 중앙빌딩 지하1층 105호,37.493311,127.0116424,"https://map.naver.com/v5/search/%EC%8A%A4%EC%8B%9C%EC%B9%B4%EB%A3%A8/place/38264451?c=14138411.4138239,4508098.2768888,15,0,0,0,dh"
37,미들급,스시효 본점," 120,000 "," 200,000 ",전화,서울 서초구 신반포로33길 27 파스텔플라자 2층,37.50998,127.0097656,"https://map.naver.com/v5/search/%EC%8A%A4%EC%8B%9C%ED%9A%A8/place/11679407?c=14137686.0045835,4509503.3537047,13,0,0,0,dh&placePath=%3Fentry%253Dbmp"
38,하이엔드급,스시만," 120,000 "," 230,000 ",네이버예약,서울 서초구 동광로27길 3 1층,37.4941391,126.9947681,"https://map.naver.com/v5/search/%EC%8A%A4%EC%8B%9C%EB%A7%8C/place/1837440079?c=14136538.7066309,4508516.2918873,15,0,0,0,dh"
39,미들급,스시유리," 80,000 "," 150,000 ",전화,서울 강남구 테헤란로83길 36 2층,37.5097723,127.0569487,"https://map.naver.com/v5/search/%EC%8A%A4%EC%8B%9C%EC%9C%A0%EB%A6%AC/place/1547603159?c=14143451.4803764,4510405.7196802,15,0,0,0,dh"
40,하이엔드급,스시치우," 120,000 "," 220,000 ",확인필요,서울 강남구 테헤란로 510 루첸타워 지하1층,37.507009,127.0586339,"https://map.naver.com/v5/search/%EC%8A%A4%EC%8B%9C%EC%B9%98%EC%9A%B0/place/1474270871?c=14143640.1842900,4510018.7572245,15,0,0,0,dh&placePath=%3Fentry%253Dbmp"
41,미들급,스시우토," 90,000 "," 180,000 ",캐치테이블,서울 서초구 동광로 93 3F,37.4936678,126.9925466,"https://map.naver.com/v5/search/%EC%8A%A4%EC%8B%9C%EC%9A%B0%ED%86%A0/place/1403156887?c=14135748.0611195,4508402.2335091,16,0,0,0,dh"
42,하이엔드급,타마유라," 180,000 "," 270,000 ",네이버예약,서울 서초구 신반포로 176 JW 메리어트 호텔 서울 2층,37.5039018,127.0047481,"https://map.naver.com/v5/search/%ED%83%80%EB%A7%88%EC%9C%A0%EB%9D%BC/place/1251661551?c=14139071.9526130,4510463.6364013,13,0,0,0,dh"
43,하이엔드급,타쿠미곤," 150,000 "," 300,000 ",전화,서울 서초구 사평대로18길 10 한국회관 2층,37.4983768,126.9955531,"https://map.naver.com/v5/search/%ED%83%80%EC%BF%A0%EB%AF%B8%EA%B3%A4/place/425978041?c=14136628.8539114,4508813.6402624,15,0,0,0,dh"
44,엔트리급,스시유메, X ," 80,000 ",전화,서울 서초구 동광로 65,37.4926828,126.9896841,"https://map.naver.com/v5/search/%EC%9C%A0%EB%A9%94%EC%B4%88%EB%B0%A5/place/1101463771?c=14136523.1803595,4507612.1851621,16,0,0,0,dh"
45,엔트리급,키세츠스시," 50,000 "," 90,000 ",캐치테이블,서울 서초구 방배천로4안길 18 1층,37.4788504,126.9833275,"https://map.naver.com/v5/search/%ED%82%A4%EC%84%B8%EC%B8%A0%EC%8A%A4%EC%8B%9C/place/1805857091?c=14139493.4755055,4508676.3319153,12,0,0,0,dh"
46,엔트리급,스시이로하, X ," 80,000 ",전화,서울 서초구 서초대로 3-4 방배디오슈페리움1,37.4858503,126.9830269,"https://map.naver.com/v5/search/%EC%8A%A4%EC%8B%9C%EC%9D%B4%EB%A1%9C%ED%95%98/place/112624169?c=14135215.7976911,4507045.2520340,15,0,0,0,dh"
47,엔트리급,기꾸," 70,000 "," 80,000 ",확인필요,서울 서초구 동광로1길 112 104호,37.4969267,126.984625,"https://map.naver.com/v5/search/%EA%B8%B0%EA%BE%B8 %EC%9D%B4%EC%B4%8C%EB%8F%99/place/11738560?c=14135619.0736343,4508528.2351730,14,0,0,0,dh"
48,엔트리급,코우엔, X ," 75,000 ",확인필요,서울 서초구 방배천로22길 4,37.484166,126.9831582,"https://map.naver.com/v5/search/%EC%BD%94%EC%9A%B0%EC%97%94/place/1295914656?c=14135221.9142589,4506818.2395530,15,0,0,0,dh&placePath=%3Fentry%253Dbmp"
49,미들급,스시코에, X ," 110,000 ",전화 / 문자,서울 서초구 서초대로 17 방배대우디오빌 1층 110호,37.4859892,126.9843601,"https://map.naver.com/v5/search/%EC%8A%A4%EC%8B%9C%EC%BD%94%EC%97%90/place/1439625757?c=14135373.0419495,4507071.1543213,15,0,0,0,dh"
50,엔트리급,스시츠바키,"60,000","98,000",확인필요,서울 강남구 언주로174길 30,37.5278137,127.0362641,"https://map.naver.com/v5/search/%EC%8A%A4%EC%8B%9C%EC%B8%A0%EB%B0%94%ED%82%A4/place/1259101978?c=14141129.7056422,4512973.5260992,15,0,0,0,dh"
51,엔트리급,스시세이,"55,000","90,000",확인필요,서울 강남구 선릉로145길 12 1층,37.5215234,127.0384606,"https://map.naver.com/v5/search/%EC%8A%A4%EC%8B%9C%EC%84%B8%3B%EC%9D%B4/place/1153723448?c=14141576.3845263,4512077.7796739,15,0,0,0,dh"
52,엔트리급,스시사카우,"60,000","99,000",전화 / 문자,서울 강남구 언주로153길 10-6 지하 1층,37.5231118,127.0323764,"https://map.naver.com/v5/search/%EC%8A%A4%EC%8B%9C%EC%82%AC%EC%B9%B4%EC%9A%B0/place/1433563609?c=14140764.2411008,4512373.9731586,15,0,0,0,dh"
53,엔트리급,스시카나,"55,000","100,000",네이버예약,서울 강남구 신사동 583-3,37.5240211,127.0278937,"https://map.naver.com/v5/search/%EC%8A%A4%EC%8B%9C%EC%B9%B4%EB%82%98/place/1075528481?c=14140217.1595297,4512407.7258831,15,0,0,0,dh"
54,미들급,스시카나에,"65,000","130,000",캐치테이블,서울 강남구 도산대로75길 15 노노빌딩 2F,37.5251521,127.045702,"https://map.naver.com/v5/search/%EC%8A%A4%EC%8B%9C%EC%B9%B4%EB%82%98%EC%97%90/place/1987992107?c=14142199.8240382,4512567.4543864,15,0,0,0,dh"
55,미들급,스시유키,"80,000","160,000",확인필요,서울 강남구 논현로164길 25,37.5232488,127.0302942,"https://map.naver.com/v5/search/%EC%8A%A4%EC%8B%9C%EC%9C%A0%ED%82%A4/place/37525791?c=14140028.5347035,4512302.3134445,14,0,0,0,dh"
56,미들급,스시에비스,"60,000","120,000",캐치테이블,서울 강남구 압구정로28길 22 1층,37.5252259,127.0273599,"https://map.naver.com/v5/search/%EC%8A%A4%EC%8B%9C%EC%97%90%EB%B9%84%EC%8A%A4/place/61420860?c=14140147.3341846,4512571.3425157,15,0,0,0,dh&placePath=%3Fentry%253Dbmp"
57,미들급,젠또요요,"70,000","170,000",전화,서울 강남구 선릉로152길 5 2층,37.5242265,127.0400018,"https://map.naver.com/v5/search/%EC%A0%A0%EB%98%90%EC%9A%94%EC%9A%94/place/1740072679?c=14142192.6580668,4512350.0865872,14,0,0,0,dh"
58,미들급,스시유겐,"88,000","160,000",캐치테이블,서울 강남구 논현로159길 11,37.5228702,127.0271993,"https://map.naver.com/v5/search/%EC%8A%A4%EC%8B%9C%EC%9C%A0%EA%B2%90/place/1164963003?c=14140140.4101123,4512247.0819103,15,0,0,0,dh"
59,미들급,스시류코,"80,000","170,000",캐치테이블,서울 강남구 신사동 652-11,37.5235501,127.0379356,"https://map.naver.com/v5/entry/place/1633821940?c=14141768.6714256,4512347.3993479,19,0,0,0,dh"
60,미들급,스시타,"90,000","185,000",확인필요,서울 강남구 삼성로119길 8,37.5162218,127.0506165,"https://map.naver.com/v5/search/%EC%8A%A4%EC%8B%9C%ED%83%80/place/1368545656?c=14143148.7180847,4511329.8314089,18,0,0,0,dh"
61,미들급,스시이타루,"80,000","150,000","DM, 전화예약",서울 강남구 언주로174길 22 1층,37.5280397,127.0356808,"https://map.naver.com/v5/search/%EC%9D%B4%ED%83%80%EB%A3%A8/place/1176711546?c=14141519.6539194,4512977.7062491,19,0,0,0,dh"
62,엔트리급,스시코테이,"60,000","60,000",캐치테이블,서울 강남구 압구정로34길 11 압구정스퀘어 B104호,37.5273252,127.0309609,"https://map.naver.com/v5/entry/place/1985135370?c=14141025.5447795,4512908.5409644,13,0,0,0,dh&placePath=%2Fhome%3Fentry=plt"
63,미들급,아더스시,"80,000","170,000",캐치테이블,서울 강남구 논현로152길 3 2층,37.5209004,127.0285077,"https://map.naver.com/v5/search/%EC%95%84%EB%8D%94%EC%8A%A4%EC%8B%9C/place/1709467280?c=14140609.7998772,4512015.1565379,16,0,0,0,dh"
64,미들급,스시료센,"80,000","170,000",캐치테이블,서울 강남구 도산대로66길 19 4층,37.5223161,127.0443082,"https://map.naver.com/v5/search/%EC%8A%A4%EC%8B%9C%EB%A3%8C%EC%84%BC/place/1229700886?c=14140626.8651551,4512673.7796256,14,0,0,0,dh"
65,미들급,스시산코우,"80,000","180,000",캐치테이블,서울 강남구 선릉로148길 28 2층,37.5225636,127.0418377,"https://map.naver.com/v5/search/%EC%8A%A4%EC%8B%9C%EC%82%B0%EC%BD%94%EC%9A%B0/place/1009789152?c=14142185.4920954,4512787.2108427,15,0,0,0,dh"
66,미들급,스시시미즈,"88,000","185,000",전화,서울 강남구 언주로152길 11-3 B1,37.5229002,127.0344856,"https://map.naver.com/v5/search/%EC%8A%A4%EC%8B%9C%EC%8B%9C%EB%AF%B8%EC%A6%88/place/808576630?c=14141485.6155552,4512823.0406997,14,0,0,0,dh"
67,미들급,스시이토,"100,000","200,000",캐치테이블,서울 강남구 선릉로153길 22,37.5249182,127.0375345,"https://map.naver.com/v5/search/%EC%8A%A4%EC%8B%9C%EC%9D%B4%ED%86%A0/place/1939133864?c=14140826.3461862,4512536.4018437,14,0,0,0,dh"
68,하이엔드급,스시장종현,"110,000","210,000",전화,서울 강남구 도산대로85길 13,37.5254846,127.048947,"https://map.naver.com/v5/search/%EC%8A%A4%EC%8B%9C%EC%9E%A5%EC%A2%85%ED%98%84/place/1121103615?c=14142565.2885797,4512627.1708147,15,0,0,0,dh"
69,미들급,스시카이세이,"100,000","200,000","전화, 포잉(일부좌석)",서울 강남구 신사동 635-7,37.5267958,127.0343121,"https://map.naver.com/v5/search/%EC%8A%A4%EC%8B%9C %EC%B9%B4%EC%9D%B4%EC%84%B8%EC%9D%B4/place/38320837?c=14140453.7156733,4512813.4860712,14,0,0,0,dh"
70,미들급,스시코마츠,"10,000","200,000",전화,서울 강남구 언주로165길 7-10,37.5251704,127.0322299,"https://map.naver.com/v5/search/%EC%8A%A4%EC%8B%9C%EC%BD%94%EB%A7%88%EC%B8%A0/place/36947636?c=14140238.7365313,4512569.8430435,14,0,0,0,dh"
71,미들급,스시레이와,"120,000","120,000",전화,서울 강남구 언주로147길 18 영동빌딩 1층,37.519781,127.0327509,"https://map.naver.com/v5/search/%EC%8A%A4%EC%8B%9C%EB%A0%88%EC%9D%B4%EC%99%80/place/1158159435?c=14140962.4996429,4511838.9139606,15,0,0,0,dh"
72,하이엔드급,스시스미레,"100,000","220,000",캐치테이블,서울 강남구 청담동 88-6,37.5245905,127.0405571,"https://map.naver.com/v5/search/%EC%8A%A4%EC%8B%9C%EC%8A%A4%EB%AF%B8%EB%A0%88/place/1938359158?c=14141626.5463261,4512488.6287010,15,0,0,0,dh"
73,미들급,스시모토이,"100,000","200,000",전화,"서울 강남구 청담동20-2, 2층",37.5223903,127.0423479,"https://map.naver.com/v5/search/%EC%8A%A4%EC%8B%9C%EB%AA%A8%ED%86%A0%EC%9D%B4/place/1866087991?c=14142087.5571529,4512956.8054992,14,0,0,0,dh"
74,미들급,스시기요이,"100,000","200,000",전화,서울 강남구 언주로152길 15-6 3층,37.5231962,127.0348687,"https://map.naver.com/v5/search/%EC%8A%A4%EC%8B%9C%EA%B8%B0%EC%9A%94%EC%9D%B4/place/1066956495?c=14140530.1527016,4512292.7588160,14,0,0,0,dh"
75,미들급,사토시,"100,000","200,000",캐치테이블,서울 강남구 언주로170길 27 2층,37.5267429,127.0358887,"https://map.naver.com/v5/search/%EC%82%AC%ED%86%A0%EC%8B%9C/place/1222955138?c=14140862.1760432,4512861.2592139,15,0,0,0,dh&placePath=%3Fentry%253Dbmp"
76,하이엔드급,스시전 청담,"100,000","210,000",네이버예약,서울 강남구 압구정로71길 4 1층,37.5268623,127.0457029,"https://map.naver.com/v5/search/%EC%8A%A4%EC%8B%9C%EC%A0%84/place/1226804311?c=14142202.6653432,4512802.9152563,15,0,0,0,dh"
77,하이엔드급,스시마이,"120,000","250,000",전화,서울 강남구 언주로168길 6 2층,37.5263168,127.0339076,"https://map.naver.com/v5/search/%EC%8A%A4%EC%8B%9C%EB%A7%88%EC%9D%B4/place/649005585?c=14140420.2744735,4512732.2717286,14,0,0,0,dh"
78,하이엔드급,스시기요세,"130,000","250,000",네이버예약 / 캐치테이블,서울 강남구 압구정로46길 73 2층,37.5239261,127.03664,"https://map.naver.com/v5/entry/place/567265782?c=14141596.0208901,4512397.1287491,19,0,0,0,dh"
79,하이엔드급,스시결,"120,000","220,000",캐치테이블,서울 강남구 언주로168길 16,37.5261187,127.0349193,"https://map.naver.com/v5/search/%EC%8A%A4%EC%8B%9C%EA%B2%B0/place/1095021610?c=14140533.9579081,4512702.0068541,14,0,0,0,dh"
80,하이엔드급,스시히노와,"130,000","230,000",캐치테이블,서울 강남구 도산대로81길 45 3층,37.5269977,127.0461763,"https://map.naver.com/v5/search/%EC%8A%A4%EC%8B%9C%ED%9E%88%EB%85%B8%EC%99%80/place/1471202092?c=14141649.5291433,4512900.7841933,15.46,0,0,0,dh&entry=plt&isCorrectAnswer=true"
81,하이엔드급,스시아오타,"130,000","260,000",전화,서울 강남구 선릉로145길 5-12 1층 101호,37.52073,127.0392886,"https://map.naver.com/v5/search/%EC%8A%A4%EC%8B%9C%EC%95%84%EC%98%A4%ED%83%80/place/1612372634?c=14141485.6155552,4511946.4035316,15,0,0,0,dh"
82,하이엔드급,스시선수,"120,000","250,000",전화,서울 강남구 도산대로45길 6 호림아트센터 2빌딩,37.5225343,127.0360176,"https://map.naver.com/v5/search/%EC%8A%A4%EC%8B%9C%EC%84%A0%EC%88%98/place/31564434?c=14140692.5813867,4512240.2083590,14,0,0,0,dh"
83,하이엔드급,스시코우지,"120,000","230,000",전화,서울 강남구 청담동 1-1,37.522897,127.0398344,"https://map.naver.com/v5/search/%EC%8A%A4%EC%8B%9C%EC%BD%94%EC%9A%B0%EC%A7%80/place/34550318?c=14141413.9558412,4512044.3384741,15,0,0,0,dh"
84,하이엔드급,스시타츠,"120,000","250,000",전화,서울 강남구 도산대로28길 18,37.5180272,127.0281988,"https://map.naver.com/v5/search/%EC%8A%A4%EC%8B%9C%ED%83%80%EC%B8%A0/place/19827949?c=14139784.8916758,4511571.3843616,14,0,0,0,dh"
85,하이엔드급,스시쿠루미,"121,000","275,000",전화,서울 강남구 선릉로146길 33,37.521872,127.0425423,"https://map.naver.com/v5/search/%EC%8A%A4%EC%8B%9C%EC%BF%A0%EB%A3%A8%EB%AF%B8/place/1105981193?c=14141375.7373270,4512101.6662453,14,0,0,0,dh"
86,하이엔드급,스시렌,"130,000","250,000",캐치테이블,서울 강남구 선릉로146길 27-8 2F,37.5222638,127.042311,"https://map.naver.com/v5/search/%EC%8A%A4%EC%8B%9C%EB%A0%8C/place/1426559706?c=14142143.3483143,4512143.5682267,17,0,0,0,dh&placePath=%3Fentry%253Dbmp"
87,하이엔드급,스시마츠모토,"130,000","250,000",매달 1일 전화에약,서울 강남구 도산대로75길 5 102호,37.5245432,127.0459553,"https://map.naver.com/v5/entry/place/1645291536?c=14142209.3786668,4512565.0657293,15,0,0,0,dh"
88,하이엔드급,스시요아케,"150,000","290,000",전화,서울 강남구 도산대로45길 10-11,37.5234991,127.0368683,"https://map.naver.com/v5/search/%EC%8A%A4%EC%8B%9C%EC%9A%94%EC%95%84%EC%BC%80/place/1825583145?c=14140749.9091580,4512335.7546444,14,0,0,0,dh"
89,하이엔드급,스시하네,"150,000","300,000",확인필요,서울 강남 언주로 172길 14 1층(네이버등록 X),37.5275744,127.0348666,"https://map.naver.com/v5/search/%EC%84%9C%EC%9A%B8 %EA%B0%95%EB%82%A8 %EC%96%B8%EC%A3%BC%EB%A1%9C 172%EA%B8%B8 14 1%EC%B8%B5/address/14141462.45151693,4512908.695368167,%EC%84%9C%EC%9A%B8%ED%8A%B9%EB%B3%84%EC%8B%9C %EA%B0%95%EB%82%A8%EA%B5%AC %EC%96%B8%EC%A3%BC%EB%A1%9C172%EA%B8%B8 14,new?c=14141430.7598553,4512914.0232333,19,0,0,0,dh"
90,하이엔드급,더나인클럽,"150,000","300,000",확인필요,서울 강남구 선릉로146길 33,37.521872,127.0425423,"https://map.naver.com/v5/search/%EB%8D%94%EB%82%98%EC%9D%B8%ED%81%B4%EB%9F%BD/place/1753896143?c=14141027.6487178,4512863.7639560,15,0,0,0,dh&placePath=%3Fentry%253Dbmp"
91,하이엔드급,스시상현,"150,000","330,000",쿠루미에 전화해서 스시상현으로 예약,"서울 강남구 도산대로70길 24 지하 1층, 2층",37.5220678,127.0450286,https://naver.me/FlP9mybL
92,하이엔드급,스시인,"160,000","270,000",불가,서울 강남구 압구정로42길 49,37.5256156,127.0345445,"https://map.naver.com/v5/search/%EC%8A%A4%EC%8B%9C%EC%9D%B8/place/37870219?c=14141244.3611847,4512562.6770721,15,0,0,0,dh"
93,하이엔드급,스시코지마,"200,000","380,000",전화,서울 강남구 압구정로60길 21 분더샵 6층,37.5266,127.042,"https://map.naver.com/v5/search/%EC%8A%A4%EC%8B%9C%EC%BD%94%EC%A7%80%EB%A7%88/place/35877528?c=14141313.6322416,4512660.6120146,14,0,0,0,dh"
94,엔트리급,조리인, X ,"99,000",전화,서울 강남구 도산대로53길 16 3층,37.5241781,127.0385928,"https://map.naver.com/v5/search/%EC%A1%B0%EB%A6%AC%EC%9D%B8/place/1163179971?c=14141409.1785269,4512426.5236155,15,0,0,0,dh"
95,하이엔드급,스시카이신, X ,"295,000",전화,서울 강남구 도산대로100길 12 우리빌딩 2층,37.5237619,127.0517575,"https://map.naver.com/v5/entry/place/77778800?c=14142856.7047501,4512464.7421296,15,0,0,0,dh"
96,미들급,어성일식,"40,000 / 45,000","110,000",전화,서울 강남구 언주로 843 2층,37.5256942,127.0329234,"https://map.naver.com/v5/search/%EC%96%B4%EC%84%B1%EC%9D%BC%EC%8B%9D/place/1886342920?c=14140776.1843864,4512643.8914147,15,0,0,0,dh"
97,엔트리급,아루히,"33,000","35,000",네이버예약,서울 영등포구 여의나루로 42 2층,37.5213559,126.9249795,https://naver.me/GfaMZXmj
98,엔트리급,아루히 니와, X ,"33,000",캐치테이블,"서울 영등포구 여의나루로 42 2층 229, 230호",37.5213559,126.9249795,"https://map.naver.com/v5/search/%EC%95%84%EB%A3%A8%ED%9E%88/place/1675324155?c=14128758.5042484,4512044.7434395,15,0,0,0,dh&placePath=%3Fentry%253Dbmp"
99,엔트리급,스시다정,"35,500","59,500",캐치테이블,서울 영등포구 국제금융로 70 지하1층 19호,37.5214625,126.9306592,"https://map.naver.com/v5/search/%EC%8A%A4%EC%8B%9C%EB%8B%A4%EC%A0%95/place/1239371307?c=14129393.9492977,4512048.0698659,15,0,0,3,dh&placePath=%3Fentry%253Dbmp"
100,엔트리급,스시미소,"45,000","80,000",네이버예약/ 전화 / 문자,서울 영등포구 국회대로74길 20 지하1층,37.529587,126.921526,https://map.naver.com/v5/entry/place/1429085190
101,엔트리급,스시마카세(여의도),"50,000","100,000",캐치테이블,서울 영등포구 여의대방로65길 17 206~208호,37.5197067,126.9292034,"https://map.naver.com/v5/search/%EC%8A%A4%EC%8B%9C%EB%A7%88%EC%B9%B4%EC%84%B8/place/1769859811?c=14128698.4886001,4511802.3662988,14.9,0,0,0,dh&entry=plt&placePath=%3Fentry%253Dbmp"
102,엔트리급,스시젠,"55,000","89,000",네이버예약,서울 영등포구 의사당대로 127 지하 11호,37.5213559,126.9249795,"https://map.naver.com/v5/entry/place/1451225823?c=14129142.9902801,4511895.4249944,17,0,0,0,dh"
103,미들급,스시키무,"65,000","110,000",캐치테이블,서울 영등포구 국제금융로 86 롯데캐슬 아이비 지하1층 119호,37.5199093,126.9317832,https://naver.me/IIqffslP
104,엔트리급,스시아이,"55,000","99,000",전화,서울 영등포구 국회대로76길 18 오성빌딩,37.5299272,126.922226,"https://map.naver.com/v5/search/%EC%8A%A4%EC%8B%9C%EC%95%84%EC%9D%B4/place/35781874?c=14128453.1022326,4513238.6670410,15,0,0,0,dh"
105,미들급,타마스시,"60,000","120,000",확인필요,서울 영등포구 은행로 30 1층,37.5281538,126.9226486,"https://map.naver.com/v5/search/%EC%8A%A4%EC%8B%9C%ED%83%80%EB%A7%88/place/20083721?c=14128508.0413467,4512995.0240134,15,0,0,0,dh"
106,미들급,스시센시,"66,000 / 130,000","99,000 / 130,000",전화,서울 영등포구 여의대방로67길 8 고려빌딩 1층 108호,37.5195203,126.9311122,"https://map.naver.com/v5/search/%EC%8A%A4%EC%8B%9C%EC%84%BC%EC%8B%9C/place/37722002?c=14128959.4975450,4511861.6062033,15,0,0,0,dh"
107,미들급,제이레스토랑,"55,000","150,000",네이버예약,서울 영등포구 여의도동 17-6,37.5271582,126.9168489,"https://map.naver.com/v5/search/%EC%A0%9C%EC%9D%B4%EB%A0%88%EC%8A%A4%ED%86%A0%EB%9E%91/place/1373641454?c=14127812.9421207,4512550.7337865,13,0,0,0,dh"
108,미들급,스시아라타,"80,000","150,000",캐치테이블,서울 영등포구 국제금융로8길 16 지하1층 B124호,37.5212571,126.9288713,https://naver.me/5dxyLLdI
109,미들급,스시타카,"80,000","160,000",캐치테이블,서울 영등포구 국제금융로2길 37 2층 206-2호,37.5229056,126.9242728,"https://map.naver.com/v5/search/%EC%8A%A4%EC%8B%9C%ED%83%80%EC%B9%B4/place/1031575486?c=14128916.6669809,4512257.2017437,16,0,0,0,dh"
110,미들급,스시온정(舊혜정),"70,000","170,000",전화 / 문자,서울 영등포구 여의대방로 376 나라키움빌딩 3층 309호,37.5035749,126.9192153,"https://map.naver.com/v5/search/%EC%8A%A4%EC%8B%9C%ED%98%9C%EC%A0%95/place/1224713781?c=14128988.1614306,4511595.2709329,14,0,0,0,dh"
111,미들급,하쯔호,"60,000","120,000",확인필요,서울 영등포구 여의동로 213 금호리첸시아 지하1층,37.5184931,126.9395997,"https://map.naver.com/v5/entry/place/34625307?c=14130793.9862238,4511654.6887791,18,0,0,0,dh"
112,미들급,슈치쿠,"130,000","200,000",네이버예약,서울 영등포구 63로 50 58층,37.5194647,126.9398326,"https://map.naver.com/v5/search/%EC%8A%88%EC%B9%98%EC%BF%A0/place/11679247?c=14131063.9044799,4511893.8530746,14,0,0,0,dh"
113,엔트리급,카쿠스시,"50,000","90,000","인스타DM,전화",서울 영등포구 당산로 222 지하1층 120호,37.533212,126.9022778,"https://map.naver.com/v5/search/%EC%B9%B4%EC%BF%A0%EC%8A%A4%EC%8B%9C/place/1672914530?c=14126241.6818810,4513701.2380071,15,0,0,0,dh&placePath=%3Fentry%253Dbmp"
114,미들급,나카지마고에몽,"100,000","120,000",캐치테이블,서울 영등포구 국회대로54길 10 아크로타워스퀘어 상가동 지하1층 39호,37.5244579,126.9076599,"https://map.naver.com/v5/search/%EB%82%98%EC%B9%B4%EC%A7%80%EB%A7%88/place/1051306491?c=14126933.9162954,4512090.9172882,17,0,0,0,dh"
115,엔트리급,오타루,"40,000","55,000",확인필요,서울 마포구 만리재옛길 32 1층  101호,37.5468425,126.9561923,"https://map.naver.com/v5/search/%EC%98%A4%ED%83%80%EB%A3%A8 %EA%B3%B5%EB%8D%95/place/1433544136?c=14132215.2372185,4515704.9555318,15,0,0,0,dh"
116,엔트리급,스시준,"45,000","80,000",네이버예약,서울 마포구 마포대로12길 57 청솔피아노,37.546194,126.9544936,"https://map.naver.com/v5/search/%EC%8A%A4%EC%8B%9C%EC%A4%80/place/31737742?c=14132045.6425620,4515515.0572896,15,0,0,0,dh"
117,엔트리급,이요이요스시3,"45,000","70,000",확인필요,서울 마포구 백범로 152 파크자이상가201동 14호1층,37.5451763,126.9475472,"https://map.naver.com/v5/search/%EC%9D%B4%EC%9A%94%EC%9D%B4%EC%9A%94/place/1431823961?c=14131395.9278216,4516066.8370876,14,0,0,0,dh"
118,엔트리급,이요이요스시2,"45,000","75,000",확인필요,서울 마포구 마포대로 58 베스트웨스턴프리미어서울가든호텔,37.5406675,126.9483461,"https://map.naver.com/v5/search/%EC%9D%B4%EC%9A%94%EC%9D%B4%EC%9A%94/place/37123068?c=14131395.9278216,4516066.8370876,14,0,0,0,dh"
119,엔트리급,스시소라 마포,"50,000","100,000",전화,서울 마포구 도화동 563,37.5412413,126.9489446,"https://map.naver.com/v5/search/%EC%8A%A4%EC%8B%9C%EC%86%8C%EB%9D%BC/place/1712403252?c=14130965.9695374,4514834.2900065,14,0,0,0,dh"
120,엔트리급,스시정미,"100,000(주말)","100,000",전화 / 문자,서울 마포구 백범로 199 2층 203호,37.5434128,126.9528962,"https://map.naver.com/v5/search/%EC%8A%A4%EC%8B%9C%EC%A0%95%EB%AF%B8/place/1177532179?c=14131861.3963431,4515144.1818213,15,0,0,0,dh"
121,엔트리급,스시가효,"35,000","70,000",전화,서울 마포구 월드컵북로54길 25 상암dmc푸르지오시티 2층 222호,37.5815202,126.8891184,"https://map.naver.com/v5/search/%EC%8A%A4%EC%8B%9C%EA%B0%80%ED%9A%A8/place/1757055158?c=14124421.0489905,4520643.5041562,14,0,0,0,dh"
122,엔트리급,로랑,"38,000","38,000",확인필요,서울 마포구 성지1길 15 1층 로랑,37.5482127,126.9142991,"https://map.naver.com/v5/search/%EB%A1%9C%EB%9E%91/place/1355823267?c=14127574.2541095,4515800.8395469,15,0,0,3,dh&placePath=%3Fentry%253Dbmp"
123,엔트리급,스시마쯔,"35,000","40,000",전화,서울 서대문구 연희로 166 예림빌딩,37.5717736,126.9351453,"https://map.naver.com/v5/search/%EC%8A%A4%EC%8B%9C%EB%A7%88%EC%AF%94/place/38003033?c=14128620.3082319,4518594.0363353,13,0,0,0,dh"
124,엔트리급,스시히카리,"35,000","85,000",문자/ 카톡/ DM,서울 마포구 홍익로2길 31,37.5549964,126.9241172,"https://map.naver.com/v5/search/%EC%8A%A4%EC%8B%9C%ED%9E%88%EC%B9%B4%EB%A6%AC/place/37927615?c=14128665.6927175,4516757.1589993,15,0,0,0,dh"
125,엔트리급,나카지마토라에몽,"50,000","88,000",확인필요,서울 마포구 성미산로29길 40-18,37.5653765,126.9225587,"https://map.naver.com/v5/search/%EB%82%98%EC%B9%B4%EC%A7%80%EB%A7%88%ED%86%A0%EB%9D%BC%EC%97%90%EB%AA%BD/place/1479679878?c=14128474.6001468,4518308.5918078,15,0,0,0,dh"
126,엔트리급,스시코미치,"50,000","90,000",캐치테이블,서울 마포구 동교로27길 3-14 1층,37.5580778,126.922528,"https://map.naver.com/v5/search/%EC%8A%A4%EC%8B%9C%EC%BD%94%EB%AF%B8%EC%B9%98/place/1031280455?c=14128486.8127714,4517189.2650409,15,0,0,0,dh"
127,엔트리급,이요이요스시4,"45,000","70,000",확인필요,서울 마포구 마포대로1길 16 3층,37.5396792,126.9431187,"https://map.naver.com/v5/search/%EC%9D%B4%EC%9A%94%EC%9D%B4%EC%9A%94%EC%8A%A4%EC%8B%9C 4%ED%98%B8/place/1183596654?c=14130779.4428120,4514605.8430752,15,0,0,0,dh"
128,엔트리급,스시치카라,"45,000","80,000",캐치테이블,서울 마포구 성지1길 70 1층 스시치카라,37.5474634,126.9171753,"https://map.naver.com/v5/search/%EC%8A%A4%EC%8B%9C%EC%B9%98%EC%B9%B4%EB%9D%BC/place/1539405629?c=14127872.6585490,4515786.1698743,15,0,0,0,dh"
129,미들급,스시하쿠초,"60,000","120,000",확인필요,서울 마포구 성지1길 70 1층,37.5474634,126.9171753,https://naver.me/5PZWXUyj
130,미들급,스시미야비,"70,000","120,000",캐치테이블,서울 마포구 포은로2가길 62,37.5495022,126.909903,"https://map.naver.com/v5/search/%EC%8A%A4%EC%8B%9C%EB%AF%B8%EC%95%BC%EB%B9%84/place/1363561300?c=14127082.9344049,4515983.6074838,15,0,0,0,dh"
131,엔트리급,여래여거, X ,"69,000",문자,서울 서대문구 이화여대길 56-3 1층,37.5593018,126.9452218,"https://map.naver.com/v5/search/%EC%97%AC%EB%9E%98%EC%97%AC%EA%B1%B0/place/1413429954?c=14131014.9370087,4517360.2949256,15,0,0,0,dh"
132,엔트리급,스시소우카이,"35,000","45,000",네이버예약,서울 서대문구 증가로23나길 25 1층,37.5804687,126.9127315,"https://map.naver.com/v5/search/%EC%8A%A4%EC%8B%9C%EC%86%8C%EC%9A%B0%EC%B9%B4%EC%9D%B4/place/1381613045?c=14127067.6810949,4520395.0838142,13,0,0,0,dh"
133,엔트리급,스시이마,"30,000","50,000",문자,서울 은평구 역말로 49-1,37.6059858,126.9157657,"https://map.naver.com/v5/search/%EC%8A%A4%EC%8B%9C%EC%9D%B4%EB%A7%88/place/1648210473?c=14127296.9921798,4523925.5190581,14,0,0,0,dh"
134,엔트리급,소야일식,"30,000","58,000",문자(매달 15일~),서울 은평구 불광로14길 4,37.6191926,126.9330171,"https://map.naver.com/v5/search/%EC%86%8C%EC%95%BC%EC%9D%BC%EC%8B%9D/place/1442053229?c=14129188.8086298,4525774.3396798,14,0,0,0,dh"
135,엔트리급,스시온도,"35,000","70,000",네이버예약,서울 은평구 불광천길 536,37.5978723,126.9163772,"https://map.naver.com/v5/search/%EC%8A%A4%EC%8B%9C%EC%98%A8%EB%8F%84/place/1696006795?c=14127791.4442065,4522788.5182624,15,0,0,0,dh"
136,엔트리급,스시토와,"38,000","90,000",네이버예약,서울 마포구 매봉산로2안길 19-5,37.5774029,126.894625,"https://map.naver.com/v5/search/%EC%8A%A4%EC%8B%9C%ED%86%A0%EC%99%80/place/1653577036?c=14125266.6336159,4520223.1005006,14,0,0,0,dh"
137,엔트리급,스시쇼부,"35,000","55,000",네이버예약,서울 은평구 은평로13길 11-9,37.6019944,126.9250398,"https://map.naver.com/v5/search/%EC%8A%A4%EC%8B%9C%EC%87%BC%EB%B6%80/place/1971832408?c=14128768.4049742,4523361.7959745,15,0,0,0,dh"
138,엔트리급,스시희랑,"30,000","50,000",확인필요,서울 양천구 목동동로12길 38 1층 101호,37.5229444,126.8738458,"https://map.naver.com/v5/search/%EB%B0%95%ED%99%8D%EB%82%A8%EC%8A%A4%EC%8B%9C/place/1615282854?c=14123238.6637092,4512175.7146164,15,0,0,0,dh"
139,엔트리급,스시카네(마곡),"35,000","65,000",네이버예약,서울 강서구 강서로 462 1층 112호,37.5665739,126.8413981,"https://map.naver.com/v5/search/%EC%8A%A4%EC%8B%9C%EC%B9%B4%EB%84%A4/place/1251056496?c=14119034.3869516,4518470.5262971,14.87,0,0,0,dh&entry=plt&placePath=%3Fentry%253Dbmp"
140,엔트리급,토겐,"45,000","85,000",문자,서울 양천구 오목로 300 206동 117호,37.5241644,126.8703368,"https://map.naver.com/v5/search/%ED%86%A0%EA%B2%90/place/1379870597?c=14122766.9039253,4512477.8797439,15,0,0,0,dh"
141,엔트리급,스시사라,"40,000","70,000",확인필요,서울 강서구 마곡동로 55 1층 101호,37.5557391,126.8997031,"https://map.naver.com/v5/entry/place/1069004707?c=14118929.4376387,4517466.8559697,19,0,0,0,dh"
142,엔트리급,이요이요스시1,"45,000","70,000",확인필요,서울 마포구 마포대로 167,37.5458958,126.9515058,"https://map.naver.com/v5/search/%EC%9D%B4%EC%9A%94%EC%9D%B4%EC%9A%94/place/31083209?c=14131395.9278216,4516066.8370876,14,0,0,0,dh"
143,엔트리급,니코리,"29,000","65,000",확인필요,서울 양천구 은행정로6길 22 1층,37.5214626,126.8620243,"https://map.naver.com/v5/search/%EB%8B%88%EC%BD%94%EB%A6%AC/place/1554660398?c=14120881.0591181,4511800.6954464,14,0,0,0,dh"
144,엔트리급,스시다마,"50,000","65,000",확인필요,서울 양천구 오목로 313-8,37.5255574,126.8725966,"https://map.naver.com/v5/search/%EC%8A%A4%EC%8B%9C%EB%8B%A4%EB%A7%88/place/33617857?c=14122932.9155961,4512622.3935005,15,0,0,0,dh"
145,엔트리급,스시금강 마곡,"50,000","100,000",캐치테이블,서울 강서구 마곡동로3길 6 NY타워 1층 102호,37.5590032,126.8343207,"https://map.naver.com/v5/entry/place/1931631496?c=14118885.8654834,4517470.4129939,19,0,0,0,dh"
146,엔트리급,나오키,"88,000","88,000",전화 / 문자,서울 강서구 강서로56가길 45 1층,37.561534,126.8400693,"https://map.naver.com/v5/search/%EB%82%98%EC%98%A4%ED%82%A4/place/1503010072?c=14119304.5454097,4517674.4033387,15,0,0,0,dh"
147,미들급,나오키2호점,"100,000(주말)","120,000",캐치테이블,서울 강서구 마곡중앙6로 45 302호,37.5616,126.8329,"https://map.naver.com/v5/search/%EB%82%98%EC%98%A4%ED%82%A4/place/1665620021?c=14118021.1048403,4517542.3263142,15,0,0,0,dh&placePath=%3Fentry%253Dbmp"
148,엔트리급,스시우미,"50,000","80,000",캐치테이블,서울 용산구 한강대로 69 푸르지오써밋 상가동 b101-2호,37.527228,126.964397,"https://map.naver.com/v5/search/%EC%8A%A4%EC%8B%9C%EC%9A%B0%EB%AF%B8/place/1325376881?c=14132767.0170164,4512866.0365281,14,0,0,0,dh"
149,엔트리급,스시장,"50,000","90,000",캐치테이블,서울 용산구 한강대로 258,37.5413682,126.9732953,"https://map.naver.com/v5/search/%EC%8A%A4%EC%8B%9C%EA%B8%88%EA%B0%95/place/1931631496?c=14118480.4586985,4517464.2015109,15,0,0,0,dh&placePath=%3F%2526"
150,엔트리급,스시산 블루,"50,000","80,000",확인필요,서울 용산구 한강대로23길 55 아이파크몰7층,37.5297133,126.9647528,https://naver.me/FEJdNX98
151,엔트리급,스시이젠,"70,000","90,000",캐치테이블,서울 용산구 한강대로 95 지하2층 247호,37.5287967,126.9671806,"https://map.naver.com/v5/search/%EC%8A%A4%EC%8B%9C%EC%9D%B4%EC%A0%A0/place/1879398574?c=14133695.0103129,4513193.2825555,16,0,0,0,dh"
152,미들급,스시사이카쿠,"60,000","110,000",확인필요,서울 용산구 한강대로30길 25 B1층 115호 사이카쿠,37.5277242,126.9689913,https://naver.me/xEM6fQSx
153,엔트리급,스시쵸우,"50,000","70,000",확인필요,서울 용산구 한남대로27가길 10,37.5375656,127.0031414,"https://map.naver.com/v5/search/%EC%8A%A4%EC%8B%9C%EC%B5%B8%EC%9A%B0/place/317189796?c=14137460.7667062,4514311.1128509,15,0,0,0,dh"
154,미들급,스시고코로,"55,000","130,000",확인필요,서울 용산구 한남대로 60 금호리첸시아 A동 1층,37.5342512,127.0079105,"https://map.naver.com/v5/search/%EC%8A%A4%EC%8B%9C%EA%B3%A0%EC%BD%94%EB%A1%9C/place/37874113?c=14137529.9993414,4513874.0498386,14,0,0,0,dh"
155,미들급,스시사찌,"65,000","130,000",전화,서울 용산구 한남대로21길 20 2층,37.5338912,127.0061366,"https://map.naver.com/v5/search/%EC%8A%A4%EC%8B%9C%EC%82%AC%EC%B0%8C/place/1447537602?c=14137429.6757418,4513205.2258412,12,0,0,0,dh"
156,엔트리급,스시우메,"60,000","80,000",확인필요,서울 용산구 이촌로 319 현대아파트,37.5186483,126.9823443,"https://map.naver.com/v5/search/%EC%9A%B0%EB%A9%94/place/19872934?c=14135155.6741503,4511738.5903609,14,0,0,0,dh"
157,엔트리급,스시아메,"55,000","75,000",확인필요,서울 용산구 한남대로 60 금호리첸시아 A동 1층,37.5342512,127.0079105,"https://map.naver.com/v5/search/%EC%8A%A4%EC%8B%9C%EC%95%84%EB%A9%94/place/31311393?c=14137850.0793974,4514208.4618374,14,0,0,0,dh"
158,엔트리급,현스시,"60,000","80,000",확인필요,서울 용산구 이촌로 319,37.5186483,126.9823443,"https://map.naver.com/v5/search/%ED%98%84%EC%8A%A4%EC%8B%9C/place/37662577?c=14134711.3839234,4511604.8255614,14,0,0,0,dh"
159,미들급,긴스시,"60,000","130,000",확인필요,서울 용산구 이촌로 319 현대아파트 31동상가 110호,37.5186483,126.9823443,"https://map.naver.com/v5/search/%EA%B8%B4%EC%8A%A4%EC%8B%9C/place/31229525?c=14135155.6741503,4511554.6637616,15,0,0,0,dh"
160,미들급,스시사이,"60,000","120,000",확인필요, 서울 용산구 이촌로64길 26 spe빌딩2층,37.5198092,126.9699075,"https://map.naver.com/v5/search/%EC%8A%A4%EC%8B%9C%EC%82%AC%EC%9D%B4/place/728568371?c=14133861.1679438,4511965.4288362,14,0,0,0,dh"
161,미들급,스시노아야,"98,000","198,000",확인필요,서울 용산구 한남대로 91 나인원한남 고메494 지하2층,37.5363276,127.0034928,"https://map.naver.com/v5/search/%EC%8A%A4%EC%8B%9C%EB%85%B8%EC%95%84%EC%95%BC/place/1205918105?c=14137967.1530894,4514220.2834752,17,0,0,0,dh"
162,미들급,스시상남,"100,000","200,000",캐치테이블/전화,서울 용산구 이태원로55나길 6 지하1층,37.5366108,126.9991304,"https://map.naver.com/v5/search/%EC%8A%A4%EC%8B%9C%EC%83%81%EB%82%A8/place/1021353403?c=14137011.9205389,4514178.0698854,15,0,0,0,dh&placePath=%3Fentry%253Dbmp"
163,엔트리급,스시야츠,"35,000","50,000",네이버예약 / 캐치테이블,서울 송파구 법원로 128 sk v1 gl메트로시티 B동 132-1호,37.5145437,127.1065971,"https://map.naver.com/v5/search/%EC%8A%A4%EC%8B%9C %EC%95%BC%EC%B8%A0/place/1323967765?c=14150541.0147499,4507183.4212066,15,0,0,0,dh"
164,엔트리급,달팽이식당,"33,000","A : 60,000 / B : 90,000",확인필요,서울 송파구 문정로 59,37.4869634,127.1290512,"https://map.naver.com/v5/search/%EB%8B%AC%ED%8C%BD%EC%9D%B4%EC%8B%9D%EB%8B%B9/place/37491622?c=14151030.6894623,4506800.0417366,15,0,0,0,dh&placePath=%3F%2526"
165,엔트리급,스시윤,"50,000","80,000",확인필요,서울 송파구 석촌호수로 188 114호,37.5061888,127.0980112,"https://map.naver.com/v5/search/%EC%8A%A4%EC%8B%9C %EC%9C%A4/place/1025868859?c=14148350.0189938,4509976.3585604,16,0,0,0,dh"
166,엔트리급,스시작,"40,000","80,000",확인필요,서울 송파구 양재대로71길 13,37.5103724,127.1252162,"https://map.naver.com/v5/search/%EC%8A%A4%EC%8B%9C%EC%9E%91/place/126709007?c=14150591.4855346,4510492.9755055,14,0,0,0,dh"
167,엔트리급,스시우미 잠실,"50,000","90,000",캐치테이블,서울 송파구 잠실로 209 KT송파빌딩 업무동 2층,37.5130506,127.0915464,"https://map.naver.com/v5/search/%EC%8A%A4%EC%8B%9C%EC%9A%B0%EB%AF%B8/place/1866846193?c=14148528.9793966,4511027.4539419,15,0,0,0,dh&placePath=%3Fentry%253Dbmp"
168,엔트리급,스시세이류,"50,000","90,000",네이버예약,서울 송파구 올림픽로35가길 9 지하 1층 B35호,37.513265,127.101133,https://naver.me/FPseXASv
169,미들급,스시다원,"50,000","120,000",네이버예약 / 캐치테이블,서울 송파구 삼전로12길 6 1층,37.5063242,127.0906397,"https://map.naver.com/v5/search/%EC%8A%A4%EC%8B%9C%EB%8B%A4%EC%9B%90/place/1867458154?c=14146735.8839355,4509923.2109392,14,0,0,0,dh"
170,엔트리급,코우리,"50,000","90,000",전화 / 네이버,서울 송파구 백제고분로 75 올림피아빌딩 지하1층 114호,37.5099324,127.0791835,"https://map.naver.com/v5/search/%EC%BD%94%EC%9A%B0%EB%A6%AC/place/1138249857?c=14145438.8431118,4510516.7922369,15,0,0,0,dh"
171,미들급,스시산,"60,000","120,000",네이버 / 캐치테이블,서울 송파구 석촌호수로 118 잠실청호빌딩 2층,37.507443,127.090043,"https://map.naver.com/v5/entry/place/35957515?c=14147132.4010198,4510078.4736529,15,0,0,0,dh"
172,미들급,코스모스시,"80,000","135,000",네이버예약,서울 송파구 삼전로7길 15,37.5054473,127.0868862,"https://map.naver.com/v5/search/%EC%8A%A4%EC%8B%9C%EC%BD%94%EC%8A%A4%EB%AA%A8/place/1271059159?c=14146953.2517347,4509667.6246258,14,0,0,0,dh"
173,엔트리급,키세츠스시,"39,000","69,000",확인필요,서울 강동구 상암로47길 83 1층,37.5501873,127.1444204,"https://map.naver.com/v5/search/%EC%8A%A4%EC%8B%9C%ED%82%A4%EC%84%B8%EC%B8%A0/place/1883380936?c=14153060.7494440,4515800.2032350,18,0,0,0,dh&placePath=%3F%2526"
174,엔트리급,송하정스시,"30,000","40,000",네이버예약,서울 강동구 상일로 39-8,37.5506604,127.1722283,"https://map.naver.com/v5/search/%EC%86%A1%ED%95%98%EC%A0%95%EC%8A%A4%EC%8B%9C/place/1400532181?c=14155820.4069201,4516142.4245592,14,0,0,0,dh"
175,엔트리급,스시마에,"30,000","55,000",확인필요,서울 강동구 성내로 40 동흔빌딩 1층,37.5288545,127.1245569,"https://map.naver.com/v5/search/%EC%8A%A4%EC%8B%9C%EB%A7%88%EC%97%90/place/38772337?c=14150514.7395214,4513085.7929845,14,0,0,0,dh"
176,엔트리급,시오미스시,"45,000","80,000",확인필요,서울 강동구 고덕로25길 12,37.5552194,127.1365761,"https://map.naver.com/v5/entry/place/1613047535?c=14152345.3121037,4516720.8755107,15,0,0,0,dh"
177,엔트리급,스시미진,"40,000","80,000",네이버예약,서울 강동구 고덕로 385 그라시움4상가 2층 212호,37.5577057,127.1668534,"https://map.naver.com/v5/search/%EC%8A%A4%EC%8B%9C%EB%AF%B8%EC%A7%84/place/1115005413?c=14155552.5936126,4517098.9022554,15,0,0,0,dh&placePath=%3Fentry%253Dbmp"
178,미들급,스시모루,"55,000","110,000",카카오톡 플러스친구 / 전화,서울 강동구 천호대로 1089 신동아 파밀리에 B1 스시모루,37.536533,127.1334367,"https://map.naver.com/v5/search/%EC%8A%A4%EC%8B%9C%EB%AA%A8%EB%A3%A8/place/653149080?c=14151498.8662606,4514165.4660090,14,0,0,0,dh"
179,엔트리급,하얀스시, X ,"90,000",확인필요,서울 송파구 오금로11길 55-8 2층 하얀스시,37.5153657,127.1137915,"https://map.naver.com/v5/search/%ED%95%98%EC%96%80%EC%8A%A4%EC%8B%9C/place/36525771?c=14149755.1465528,4511281.1625198,15,0,0,0,dh"
180,엔트리급,스시비쇼쿠,"50,000","70,000",확인필요,서울 구로구 디지털로34길 55 코오롱싸이언스밸리2차,37.4842333,126.8992725,"https://map.naver.com/v5/search/%EC%8A%A4%EC%8B%9C%EB%B9%84%EC%87%BC%EC%BF%A0/place/51136231?c=14125878.1298422,4506872.8957791,15,0,0,0,dh"
181,엔트리급,상남스시,"25,000","35,000",캐치테이블,서울 동작구 여의대방로24길 64,37.4981715,126.9238203,"https://map.naver.com/v5/search/%EC%83%81%EB%82%A8%EC%8A%A4%EC%8B%9C/place/37691264?c=14128166.9533508,4508781.5929978,14,0,0,0,dh"
182,엔트리급,스시려,"40,000","80,000",전화,서울 관악구 봉천로 456,37.4820814,126.9504444,"https://map.naver.com/v5/search/%EC%8A%A4%EC%8B%9C%EB%A0%A4/place/35395335?c=14131142.7301654,4506521.7631805,14,0,0,0,dh"
183,엔트리급,잇칸스시, X ,"77,000",전화/DM/카카오채널,서울 관악구 관악로28길 12 2층,37.4851123,126.9567182,"https://map.naver.com/v5/search/%EC%9E%87%EC%B9%B8%EC%8A%A4%EC%8B%9C/place/1230139085?c=14132272.5649897,4507032.9358071,15,0,0,0,dh"
184,미들급,가네끼스시,"55,000 / 75,000","100,000 / 130,000",확인필요,서울 동작구 보라매로5가길 16 보라매아카데미타워 2층,37.4912431,126.9240825,"https://map.naver.com/v5/search/%EC%8A%A4%EC%8B%9C%EA%B0%80%EB%84%A4%EB%81%BC/place/21423777?c=14128665.6927175,4507833.1359470,15,0,0,0,dh"
185,엔트리급,스시새옹, X ,"60,000",확인필요,서울 관악구 관천로22길 70 1층 새옹,37.4885922,126.9261593,"https://map.naver.com/v5/search/%EC%8A%A4%EC%8B%9C%EC%83%88%EC%98%B9/place/38779603?c=14128890.2264881,4507434.2302056,15,0,0,0,dh"
186,미들급,스시이소,"35,000","120,000",전화,서울 중구 퇴계로 163-1,37.5613824,126.990052,"https://map.naver.com/v5/entry/place/32816799?c=14136002.4531043,4517652.9054245,15,0,0,0,dh"
187,엔트리급,구마스시,"40,000","60,000",확인필요,서울 종로구 새문안로 92 광화문오피시아빌딩 지하1층,37.5696602,126.9748903,"https://map.naver.com/v5/search/%EA%B5%AC%EB%A7%88%EC%8A%A4%EC%8B%9C/place/32874523?c=14134791.4039374,4518847.2339915,16,0,0,0,dh"
188,엔트리급,스시소라 광화문,"55,000","100,000",전화,서울 종로구 종로1가 24,37.5708033,126.9798544,"https://map.naver.com/v5/search/%EC%8A%A4%EC%8B%9C%EC%86%8C%EB%9D%BC/place/1043397620?c=14134866.5772832,4518922.5321445,15,0,0,0,dh"
189,미들급,스시누하,"50,000","120,000",네이버예약,서울 종로구 필운대로 35-1 스시누하,37.5790928,126.9686441,"https://map.naver.com/v5/search/%EC%8A%A4%EC%8B%9C%EB%88%84%ED%95%98/place/1084035541?c=14133622.1562704,4520141.8861580,15,0,0,0,dh"
190,엔트리급,오가와,"60,000","100,000",확인필요,서울 종로구 새문안로5길 19,37.5719994,126.9742775,https://naver.me/5lZCZ5Ip
191,미들급,스시산원 경,"70,000","140,000",확인필요,서울 종로구 새문안로3길 36 용비어천가 지하1층 120호,37.5733525,126.9730788,"https://map.naver.com/v5/search/%EC%8A%A4%EC%8B%9C%EC%82%B0%EC%9B%90 %EA%B2%BD/place/1567919087?c=14134133.3288970,4519344.0746753,15,0,0,0,dh"
192,엔트리급,스시산원 궁,"60,000","100,000",확인필요,서울 종로구 종로1길 50 더케이트윈타워  지하1층 제14호,37.574638,126.979181,https://naver.me/GMRvnFKz
193,엔트리급,스시호센,"50,000","85,000",확인필요,서울 종로구 사직로8길 4 풍림스페이스본 상가,37.5743822,126.9688505,"https://map.naver.com/v5/search/%EC%8A%A4%EC%8B%9C%ED%98%B8%EC%84%BC/place/1592955650?c=14134204.9886110,4519401.4024465,15,0,0,0,dh"
194,미들급,스시미토,"60,000","120,000",확인필요,서울 중구 남대문로 117 동아빌딩 지하1층,37.5677446,126.9822914,"https://map.naver.com/v5/search/%EC%8A%A4%EC%8B%9C%EB%AF%B8%ED%86%A0/place/36314874?c=14135141.3422075,4518536.7085640,15,0,0,0,dh"
195,미들급,스시미치루,"70,000","120,000",네이버예약 / 캐치테이블,서울 종로구 종로1길 42 지하 1층,37.5738637,126.9789715,"https://map.naver.com/v5/search/%EB%AF%B8%EC%B9%98%EB%A3%A8/place/19873036?c=14134771.3768880,4519406.4379542,15,0,0,0,dh"
196,미들급,스시와,"70,000","120,000",확인필요,서울 종로구 율곡로2길 7 서머셋팰리스서울 2층 201호,37.5749752,126.9812194,"https://map.naver.com/v5/search/%EC%8A%A4%EC%8B%9C%EC%99%80/place/1194584614?c=14134171.5474112,4519458.7302177,14,0,0,0,dh&placePath=%3Fentry%253Dbmp"
197,엔트리급,스시화정,"60,000","90,000",네이버예약,서울 중구 세종대로14길 29,37.5628437,126.978307,https://naver.me/5IFssxwa
198,미들급,정준호스시,"88,000","132,000",확인필요,서울 종로구 세종대로23길 54 B 105호,37.5717618,126.9732801,"https://map.naver.com/v5/entry/place/1438368616?c=14134519.0970241,4518947.5575911,15,0,0,0,dh&placePath=%2Fhome%3Fentry=plt"
199,미들급,스시메르,"120,000","200,000",확인필요,서울 종로구 우정국로 26 센트로폴리스 2층,37.5716155,126.9833532,"https://map.naver.com/v5/search/%EC%8A%A4%EC%8B%9C%EB%A9%94%EB%A5%B4/place/1960638010?c=14135523.3674400,4519068.2716518,16,0,0,0,dh"
200,하이엔드급,스시키즈나,"120,000","230,000",확인필요,서울 종로구 율곡로1길 78,37.5787585,126.9816196,"https://map.naver.com/v5/search/%ED%82%A4%EC%A6%88%EB%82%98/place/1187297385?c=14135064.9051792,4520096.5016725,15,0,0,0,dh"
201,미들급,스시스기모토,"120,000","200,000",네이버예약,서울 종로구 북촌로5길 54 2층 스기모토,37.5797425,126.9820488,"https://map.naver.com/v5/search/%EC%8A%A4%EA%B8%B0%EB%AA%A8%ED%86%A0/place/1283336415?c=14135112.0641854,4520240.5168134,15,0,0,3,dh"
202,하이엔드급,스시조,"185,000","250,000",확인필요,서울 중구 소공로 106,37.5645099,126.9787438,"https://map.naver.com/v5/search/%EC%8A%A4%EC%8B%9C%EC%A1%B0/place/18689714?c=14134477.2955243,4518101.9729657,14,0,0,0,dh"
203,엔트리급,스시오오모토,"45,000","75,000",캐치테이블,서울 성동구 상원1길 39-1 4층,37.5469569,127.0468715,"https://map.naver.com/v5/search/%EC%8A%A4%EC%8B%9C%EC%98%A4%EC%98%A4%EB%AA%A8%ED%86%A0/place/1283463603?c=14143704.1254989,4518322.4820350,12,0,0,0,dh"
204,엔트리급,스시아카진,"45,000","80,000",확인필요,서울 성동구 왕십리로22길 6 2층,37.5625233,127.0344465,"https://map.naver.com/v5/search/%EC%8A%A4%EC%8B%9C%EC%95%84%EC%B9%B4%EC%A7%84/place/1237720800?c=14141320.0070965,4517786.3390312,16,0,0,0,dh"
205,엔트리급,스시미즈테이,"50,000","100,000",캐치테이블,서울 중구 동호로7길 14 약수더시티 203호,37.5523149,127.0111611,"https://map.naver.com/v5/search/%EB%AF%B8%EC%A6%88%ED%85%8C%EC%9D%B4/place/1241492895?c=14136826.3843436,4516920.5942648,13,0,0,0,dh&placePath=%3Fentry%253Dbmp"
206,엔트리급,오관스시,"15,000","20,000",전화,서울 동대문구 회기로 121,37.5915679,127.0500554,"https://map.naver.com/v5/search/%EC%98%A4%EA%B4%80%EC%8A%A4%EC%8B%9C/place/37792323?c=14141633.7122975,4522647.5874915,15,0,0,0,dh"
207,엔트리급,스담,"15,000","24,000",전화,서울 중구 다산로28길 2-1,37.5597239,127.0138591,"https://map.naver.com/v5/search/%EC%8A%A4%EB%8B%B4/place/37869120?c=14138194.0460247,4517423.5943396,14,0,0,0,dh"
208,엔트리급,우정초밥,"25,000","25,000",전화,서울 성북구 종암로3길 31 1층,37.5929438,127.0342868,"https://map.naver.com/v5/search/%EC%9A%B0%EC%A0%95%EC%B4%88%EB%B0%A5/place/1156260886?c=14140930.2527716,4522093.4190364,15,0,0,0,dh&placePath=%3F%2526"
209,엔트리급,스시다온,"39,000","49,000",캐치테이블,서울 노원구 석계로 9 2층,37.61565,127.0644018,"https://map.naver.com/v5/search/%EC%8A%A4%EC%8B%9C%EB%8B%A4%EC%98%A8/place/1318605884?placeSearchOption=fromNxList=true%26noredirect=1%26entry=pll&c=14143181.5621203,4524768.7150264,14,0,0,0,dh&placePath=%2Fhome%3Fentry=pll"
210,엔트리급,스시하쿠야,"39,000","79,000",캐치테이블,서울 노원구 노원로 470 2층,37.6583965,127.0657368,https://naver.me/G5riGdxf
211,엔트리급,스시초심,"40,000","60,000",캐치테이블,서울 노원구 노해로85길 1 1M층,37.6561016,127.0653965,"https://map.naver.com/v5/search/%EC%8A%A4%EC%8B%9C%EC%B4%88%EC%8B%AC/place/1831880102?c=14144353.1737899,4530880.3893523,15,0,0,0,dh&placePath=%3Fentry%253Dbmp"
212,미들급,스시호빈, X ,"120,000",캐치테이블,서울 중랑구 공릉로 32  공감대 아파트 상가1층,37.6133946,127.0783472,"https://map.naver.com/v5/search/%EC%8A%A4%EC%8B%9C%ED%98%B8%EB%B9%88/place/1104052862?c=14145792.3643676,4525118.6532965,15,0,0,0,dh"
213,엔트리급,스시코야,"29,000","39,000",캐치테이블,서울 동대문구 황물로 42 1층,37.5732855,127.0462213,"https://map.naver.com/v5/search/%EC%8A%A4%EC%8B%9C%EC%BD%94%EC%95%BC/place/1840897598?c=14142388.4181733,4518944.4659398,15,0,0,0,dh"
214,미들급,엔토츠야,"50,000","120,000","전화, 인스타DM예약",서울 동대문구 한천로26길 48-12 듀펠센터 B1층,37.5705779,127.0678763,"https://map.naver.com/v5/search/%EC%97%94%ED%86%A0%EC%B8%A0%EC%95%BC/place/1236697021?c=14144203.9073736,4518947.5575911,14,0,0,0,dh"
215,하이엔드급,아리아께,"200,000","250,000",매달 1일 전화에약,서울 중구 동호로 249,37.5577399,127.0076342,"https://map.naver.com/v5/search/%EC%95%84%EB%A6%AC%EC%95%84%EA%BB%98/place/11715904?c=14138005.3421111,4516721.3291423,15,0,0,0,dh"
216,엔트리급,스시카야논데, X ,"58,000",캐치테이블 (10일/25일),서울 동대문구 장한로27길 46,37.5732597,127.0690621,"https://map.naver.com/v5/search/%EC%8A%A4%EC%8B%9C%EC%B9%B4%EC%95%BC%EB%85%BC%EB%8D%B0/place/30833449?c=14144796.1311800,4519321.8005478,15,0,0,0,dh"
217,엔트리급,닛시스시,"30,000","50,000",네이버예약(15일 12시),서울 동대문구 신이문로 39 1층,37.603145,127.0663863,"https://map.naver.com/v5/search/%EB%8B%9B%EC%8B%9C%EC%8A%A4%EC%8B%9C/place/1061439944?c=14144454.7163727,4523511.0870454,15,0,0,0,dh&placePath=%3Fentry%253Dbmp"
218,엔트리급,스시무카,"30,000 / 50,000","50,000 / 70,000 / 100,000",전화,서울 성동구 왕십리로 410 센트라스상가L동103호,37.5549336,127.0367427,"https://map.naver.com/v5/search/%EC%8A%A4%EC%8B%9C%EB%AC%B4%EC%B9%B4/place/1406110999?c=14139894.7699040,4518121.0822227,14,0,0,0,dh"